{
    "loss": 19.709184646606445,
    "accuracy": 0.5686274766921997
}