{
    "loss": 24.759868621826172,
    "accuracy": 0.5686274766921997
}